{
	"credit": "Created by Owehttamy",
	"parent": "block/double_slab_all_faces",
	"textures": {
		"0": "block/red_sandstone_top",
		"1": "block/cut_red_sandstone",
		"particle": "block/red_sandstone_top"
	},
	"elements": [
		{
			"name": "Slab",
			"from": [0, 9, 0],
			"to": [16, 16, 16],
			"faces": {
				"north": {"uv": [0, 0, 16, 7], "texture": "#1"},
				"east": {"uv": [0, 0, 16, 7], "texture": "#1"},
				"south": {"uv": [0, 0, 16, 7], "texture": "#1"},
				"west": {"uv": [0, 0, 16, 7], "texture": "#1"},
				"up": {"uv": [0, 0, 16, 16], "texture": "#0"}
			}
		},
		{
			"name": "Bottom Row",
			"from": [0, 8, 0],
			"to": [16, 9, 16],
			"faces": {
				"north": {"uv": [0, 15, 16, 16], "texture": "#1"},
				"east": {"uv": [0, 15, 16, 16], "texture": "#1"},
				"south": {"uv": [0, 15, 16, 16], "texture": "#1"},
				"west": {"uv": [0, 15, 16, 16], "texture": "#1"},
				"down": {"uv": [0, 0, 16, 16], "texture": "#0"}
			}
		}
	]
}