{
	"credit": "Created by Owehttamy",
	"parent": "block/cube_column",
	"elements": [
		{
			"from": [0, 0, 0],
			"to": [16, 16, 16],
			"faces": {
				"north": {"uv": [0, 0, 16, 16], "rotation": 90, "texture": "#side"},
				"east": {"uv": [0, 0, 16, 16], "rotation": 270, "texture": "#side"},
				"south": {"uv": [0, 0, 16, 16], "rotation": 270, "texture": "#side"},
				"west": {"uv": [0, 0, 16, 16], "rotation": 270, "texture": "#side"}
			}
		},
		{
			"from": [0, 0, 0],
			"to": [16, 16, 16],
			"faces": {
				"up": {"uv": [0, 0, 16, 16], "rotation": 270, "texture": "#end"},
				"down": {"uv": [0, 0, 16, 16], "rotation": 270, "texture": "#end"}
			}
		}
	]
}