{
	"credit": "Created by Owehttamy",
	"parent": "block/cube_all",
	"textures": {
		"all": "block/sandstone_bottom"
	},
	"elements": [
		{
			"from": [0, 0, 0],
			"to": [16, 16, 16],
			"faces": {
				"north": {"uv": [0, 0, 16, 16], "rotation": 90, "texture": "#all"},
				"east": {"uv": [0, 0, 16, 16], "rotation": 270, "texture": "#all"},
				"south": {"uv": [0, 0, 16, 16], "rotation": 270, "texture": "#all"},
				"west": {"uv": [0, 0, 16, 16], "rotation": 270, "texture": "#all"},
				"up": {"uv": [0, 0, 16, 16], "rotation": 270, "texture": "#all"},
				"down": {"uv": [0, 0, 16, 16], "rotation": 270, "texture": "#all"}
			}
		}
	],
	"model": "custom/carpentry_table_item"
}